{
  "data": [
    0.666666666667,
    0.666666666667,
    0.666666666667
  ],
  "additionalData": [
    [
      0,
      0,
      null
    ],
    [
      0,
      0,
      null
    ],
    [
      0,
      0,
      null
    ],
    [
      0,
      0,
      null
    ],
    [
      0,
      0,
      null
    ],
    [
      0,
      0,
      null
    ],
    [
      1,
      1,
      1
    ],
    [
      0,
      0,
      null
    ],
    [
      0,
      0,
      null
    ],
    [
      0,
      0,
      null
    ],
    [
      1,
      1,
      1
    ]
  ]
}
