{
  "data": [
    0.6666666666666666,
    0.6666666666666666,
    0.6666666666666666
  ],
  "additionalData": [
    [
      0.0,
      0.0,
      null
    ],
    [
      0.0,
      0.0,
      null
    ],
    [
      0.0,
      0.0,
      null
    ],
    [
      0.0,
      0.0,
      null
    ],
    [
      0.0,
      0.0,
      null
    ],
    [
      1.0,
      1.0,
      1.0
    ],
    [
      0.0,
      0.0,
      null
    ],
    [
      0.0,
      0.0,
      null
    ],
    [
      1.0,
      1.0,
      1.0
    ]
  ]
}