class,pre,rec,f1
A549,0.0,0.0,nan
CACO-2,0.0,0.0,nan
HEK 293,0.0,0.0,nan
HEL,0.0,0.0,nan
HeLa,0.0,0.0,nan
MCF-7,0.0,0.0,nan
PC-3,1.0,1.0,1.0
REH,0.0,0.0,nan
RT4,0.0,0.0,nan
U-2 OS,0.0,0.0,nan
U-251 MG,1.0,1.0,1.0
overall,0.6666666666666666,0.6666666666666666,0.6666666666666666
